Entity,Code,Year,Outdoor air pollution
Afghanistan,AFG,1990,13085
Afghanistan,AFG,1995,17602
Afghanistan,AFG,2000,20097
Afghanistan,AFG,2005,22285
Afghanistan,AFG,2006,22493
Afghanistan,AFG,2010,21195
Afghanistan,AFG,2016,27426
Albania,ALB,1990,1208
Albania,ALB,1995,1085
Albania,ALB,2000,1105
Albania,ALB,2005,1176
Albania,ALB,2006,1219
Albania,ALB,2010,1398
Albania,ALB,2016,1421
Algeria,DZA,1990,7963
Algeria,DZA,1995,8298
Algeria,DZA,2000,9007
Algeria,DZA,2005,9062
Algeria,DZA,2006,9093
Algeria,DZA,2010,9547
Algeria,DZA,2016,12976
American Samoa,ASM,1990,2
American Samoa,ASM,1995,2
American Samoa,ASM,2000,3
American Samoa,ASM,2005,3
American Samoa,ASM,2006,2
American Samoa,ASM,2010,1
American Samoa,ASM,2016,2
Andorra,AND,1990,18
Andorra,AND,1995,21
Andorra,AND,2000,18
Andorra,AND,2005,21
Andorra,AND,2006,22
Andorra,AND,2010,24
Andorra,AND,2016,27
Angola,AGO,1990,6469
Angola,AGO,1995,6912
Angola,AGO,2000,7772
Angola,AGO,2005,8156
Angola,AGO,2006,8068
Angola,AGO,2010,7733
Angola,AGO,2016,7327
Antigua and Barbuda,ATG,1990,21
Antigua and Barbuda,ATG,1995,20
Antigua and Barbuda,ATG,2000,19
Antigua and Barbuda,ATG,2005,18
Antigua and Barbuda,ATG,2006,18
Antigua and Barbuda,ATG,2010,16
Antigua and Barbuda,ATG,2016,19
Argentina,ARG,1990,13842
Argentina,ARG,1995,13912
Argentina,ARG,2000,14637
Argentina,ARG,2005,14962
Argentina,ARG,2006,15011
Argentina,ARG,2010,15424
Argentina,ARG,2016,15807
Armenia,ARM,1990,1913
Armenia,ARM,1995,1984
Armenia,ARM,2000,1926
Armenia,ARM,2005,2117
Armenia,ARM,2006,2184
Armenia,ARM,2010,2229
Armenia,ARM,2016,2148
Australia,AUS,1990,3864
Australia,AUS,1995,3764
Australia,AUS,2000,3533
Australia,AUS,2005,3154
Australia,AUS,2006,3057
Australia,AUS,2010,2669
Australia,AUS,2016,3098
Austria,AUT,1990,4904
Austria,AUT,1995,4464
Austria,AUT,2000,3995
Austria,AUT,2005,3542
Austria,AUT,2006,3492
Austria,AUT,2010,3407
Austria,AUT,2016,3454
Azerbaijan,AZE,1990,5348
Azerbaijan,AZE,1995,5341
Azerbaijan,AZE,2000,5286
Azerbaijan,AZE,2005,5425
Azerbaijan,AZE,2006,5601
Azerbaijan,AZE,2010,6469
Azerbaijan,AZE,2016,6885
Bahamas,BHS,1990,61
Bahamas,BHS,1995,67
Bahamas,BHS,2000,68
Bahamas,BHS,2005,75
Bahamas,BHS,2006,71
Bahamas,BHS,2010,69
Bahamas,BHS,2016,95
Bahrain,BHR,1990,212
Bahrain,BHR,1995,228
Bahrain,BHR,2000,228
Bahrain,BHR,2005,217
Bahrain,BHR,2006,224
Bahrain,BHR,2010,253
Bahrain,BHR,2016,308
Bangladesh,BGD,1990,82922
Bangladesh,BGD,1995,81365
Bangladesh,BGD,2000,82277
Bangladesh,BGD,2005,94713
Bangladesh,BGD,2006,96396
Bangladesh,BGD,2010,100287
Bangladesh,BGD,2016,115489
Barbados,BRB,1990,108
Barbados,BRB,1995,112
Barbados,BRB,2000,99
Barbados,BRB,2005,87
Barbados,BRB,2006,86
Barbados,BRB,2010,79
Barbados,BRB,2016,103
Belarus,BLR,1990,11199
Belarus,BLR,1995,12252
Belarus,BLR,2000,11919
Belarus,BLR,2005,11796
Belarus,BLR,2006,11533
Belarus,BLR,2010,11406
Belarus,BLR,2016,9657
Belgium,BEL,1990,6705
Belgium,BEL,1995,6122
Belgium,BEL,2000,5837
Belgium,BEL,2005,5321
Belgium,BEL,2006,5215
Belgium,BEL,2010,5164
Belgium,BEL,2016,5230
Belize,BLZ,1990,58
Belize,BLZ,1995,68
Belize,BLZ,2000,79
Belize,BLZ,2005,67
Belize,BLZ,2006,66
Belize,BLZ,2010,68
Belize,BLZ,2016,76
Benin,BEN,1990,4128
Benin,BEN,1995,4395
Benin,BEN,2000,4396
Benin,BEN,2005,3817
Benin,BEN,2006,3790
Benin,BEN,2010,3913
Benin,BEN,2016,5737
Bermuda,BMU,1990,24
Bermuda,BMU,1995,23
Bermuda,BMU,2000,21
Bermuda,BMU,2005,18
Bermuda,BMU,2006,17
Bermuda,BMU,2010,14
Bermuda,BMU,2016,14
Bhutan,BTN,1990,364
Bhutan,BTN,1995,314
Bhutan,BTN,2000,309
Bhutan,BTN,2005,336
Bhutan,BTN,2006,333
Bhutan,BTN,2010,337
Bhutan,BTN,2016,388
Bolivia,BOL,1990,4390
Bolivia,BOL,1995,4149
Bolivia,BOL,2000,3871
Bolivia,BOL,2005,4343
Bolivia,BOL,2006,4211
Bolivia,BOL,2010,3918
Bolivia,BOL,2016,3751
Bosnia and Herzegovina,BIH,1990,3519
Bosnia and Herzegovina,BIH,1995,3246
Bosnia and Herzegovina,BIH,2000,3019
Bosnia and Herzegovina,BIH,2005,3095
Bosnia and Herzegovina,BIH,2006,3132
Bosnia and Herzegovina,BIH,2010,3216
Bosnia and Herzegovina,BIH,2016,3432
Botswana,BWA,1990,341
Botswana,BWA,1995,420
Botswana,BWA,2000,608
Botswana,BWA,2005,609
Botswana,BWA,2006,585
Botswana,BWA,2010,524
Botswana,BWA,2016,627
Brazil,BRA,1990,41829
Brazil,BRA,1995,44940
Brazil,BRA,2000,48031
Brazil,BRA,2005,45887
Brazil,BRA,2006,45053
Brazil,BRA,2010,42486
Brazil,BRA,2016,52742
Brunei,BRN,1990,19
Brunei,BRN,1995,20
Brunei,BRN,2000,17
Brunei,BRN,2005,29
Brunei,BRN,2006,29
Brunei,BRN,2010,29
Brunei,BRN,2016,39
Bulgaria,BGR,1990,12801
Bulgaria,BGR,1995,12197
Bulgaria,BGR,2000,10942
Bulgaria,BGR,2005,9820
Bulgaria,BGR,2006,9945
Bulgaria,BGR,2010,9719
Bulgaria,BGR,2016,9339
Burkina Faso,BFA,1990,8200
Burkina Faso,BFA,1995,8159
Burkina Faso,BFA,2000,8311
Burkina Faso,BFA,2005,7728
Burkina Faso,BFA,2006,7675
Burkina Faso,BFA,2010,7892
Burkina Faso,BFA,2016,10267
Burundi,BDI,1990,4515
Burundi,BDI,1995,4537
Burundi,BDI,2000,4158
Burundi,BDI,2005,3916
Burundi,BDI,2006,3857
Burundi,BDI,2010,3859
Burundi,BDI,2016,4788
Cambodia,KHM,1990,4950
Cambodia,KHM,1995,5690
Cambodia,KHM,2000,5936
Cambodia,KHM,2005,6316
Cambodia,KHM,2006,6106
Cambodia,KHM,2010,5634
Cambodia,KHM,2016,6002
Cameroon,CMR,1990,9195
Cameroon,CMR,1995,10672
Cameroon,CMR,2000,12362
Cameroon,CMR,2005,12135
Cameroon,CMR,2006,12237
Cameroon,CMR,2010,12801
Cameroon,CMR,2016,16222
Canada,CAN,1990,7297
Canada,CAN,1995,7523
Canada,CAN,2000,7399
Canada,CAN,2005,7467
Canada,CAN,2006,7279
Canada,CAN,2010,6731
Canada,CAN,2016,7644
Cape Verde,CPV,1990,159
Cape Verde,CPV,1995,183
Cape Verde,CPV,2000,189
Cape Verde,CPV,2005,171
Cape Verde,CPV,2006,174
Cape Verde,CPV,2010,182
Cape Verde,CPV,2016,239
Caribbean,,1990,15736
Caribbean,,1995,16325
Caribbean,,2000,16497
Caribbean,,2005,16007
Caribbean,,2006,15730
Caribbean,,2010,14936
Caribbean,,2016,17088
Central African Republic,CAF,1990,2730
Central African Republic,CAF,1995,3061
Central African Republic,CAF,2000,3385
Central African Republic,CAF,2005,3447
Central African Republic,CAF,2006,3549
Central African Republic,CAF,2010,3577
Central African Republic,CAF,2016,4269
Central Asia,,1990,50956
Central Asia,,1995,54387
Central Asia,,2000,53303
Central Asia,,2005,52820
Central Asia,,2006,52954
Central Asia,,2010,52336
Central Asia,,2016,54808
Central Europe,,1990,129278
Central Europe,,1995,116550
Central Europe,,2000,101510
Central Europe,,2005,93734
Central Europe,,2006,93986
Central Europe,,2010,95152
Central Europe,,2016,90890
Central Sub-Saharan Africa,,1990,31955
Central Sub-Saharan Africa,,1995,36255
Central Sub-Saharan Africa,,2000,40026
Central Sub-Saharan Africa,,2005,40106
Central Sub-Saharan Africa,,2006,40355
Central Sub-Saharan Africa,,2010,41050
Central Sub-Saharan Africa,,2016,47845
Chad,TCD,1990,4632
Chad,TCD,1995,5261
Chad,TCD,2000,6295
Chad,TCD,2005,6641
Chad,TCD,2006,6791
Chad,TCD,2010,7393
Chad,TCD,2016,9182
Chile,CHL,1990,4445
Chile,CHL,1995,4401
Chile,CHL,2000,4084
Chile,CHL,2005,4248
Chile,CHL,2006,4189
Chile,CHL,2010,4415
Chile,CHL,2016,5000
China,CHN,1990,969657
China,CHN,1995,1055662
China,CHN,2000,1102410
China,CHN,2005,1143314
China,CHN,2006,1112394
China,CHN,2010,1134227
China,CHN,2016,1144746
Colombia,COL,1990,7723
Colombia,COL,1995,8447
Colombia,COL,2000,8822
Colombia,COL,2005,9794
Colombia,COL,2006,9923
Colombia,COL,2010,9400
Colombia,COL,2016,10112
Comoros,COM,1990,169
Comoros,COM,1995,173
Comoros,COM,2000,170
Comoros,COM,2005,161
Comoros,COM,2006,160
Comoros,COM,2010,148
Comoros,COM,2016,161
Congo,COG,1990,1754
Congo,COG,1995,1995
Congo,COG,2000,2193
Congo,COG,2005,1974
Congo,COG,2006,1951
Congo,COG,2010,1860
Congo,COG,2016,1983
Costa Rica,CRI,1990,575
Costa Rica,CRI,1995,652
Costa Rica,CRI,2000,721
Costa Rica,CRI,2005,698
Costa Rica,CRI,2006,672
Costa Rica,CRI,2010,618
Costa Rica,CRI,2016,852
Cote d'Ivoire,CIV,1990,6369
Cote d'Ivoire,CIV,1995,7737
Cote d'Ivoire,CIV,2000,8423
Cote d'Ivoire,CIV,2005,7839
Cote d'Ivoire,CIV,2006,7985
Cote d'Ivoire,CIV,2010,8201
Cote d'Ivoire,CIV,2016,12515
Croatia,HRV,1990,4060
Croatia,HRV,1995,3783
Croatia,HRV,2000,3548
Croatia,HRV,2005,3435
Croatia,HRV,2006,3430
Croatia,HRV,2010,3355
Croatia,HRV,2016,3530
Cuba,CUB,1990,5215
Cuba,CUB,1995,5498
Cuba,CUB,2000,5454
Cuba,CUB,2005,5401
Cuba,CUB,2006,5236
Cuba,CUB,2010,4756
Cuba,CUB,2016,5449
Cyprus,CYP,1990,349
Cyprus,CYP,1995,351
Cyprus,CYP,2000,335
Cyprus,CYP,2005,313
Cyprus,CYP,2006,305
Cyprus,CYP,2010,311
Cyprus,CYP,2016,361
Czech Republic,CZE,1990,12656
Czech Republic,CZE,1995,9827
Czech Republic,CZE,2000,7894
Czech Republic,CZE,2005,7194
Czech Republic,CZE,2006,7101
Czech Republic,CZE,2010,7135
Czech Republic,CZE,2016,6716
Democratic Republic of Congo,COD,1990,19987
Democratic Republic of Congo,COD,1995,23214
Democratic Republic of Congo,COD,2000,25653
Democratic Republic of Congo,COD,2005,25646
Democratic Republic of Congo,COD,2006,25896
Democratic Republic of Congo,COD,2010,27041
Democratic Republic of Congo,COD,2016,33329
Denmark,DNK,1990,3294
Denmark,DNK,1995,3100
Denmark,DNK,2000,2595
Denmark,DNK,2005,2238
Denmark,DNK,2006,2191
Denmark,DNK,2010,2035
Denmark,DNK,2016,1939
Djibouti,DJI,1990,340
Djibouti,DJI,1995,382
Djibouti,DJI,2000,401
Djibouti,DJI,2005,374
Djibouti,DJI,2006,376
Djibouti,DJI,2010,384
Djibouti,DJI,2016,435
Dominica,DMA,1990,20
Dominica,DMA,1995,22
Dominica,DMA,2000,18
Dominica,DMA,2005,18
Dominica,DMA,2006,18
Dominica,DMA,2010,17
Dominica,DMA,2016,21
Dominican Republic,DOM,1990,1636
Dominican Republic,DOM,1995,1783
Dominican Republic,DOM,2000,2169
Dominican Republic,DOM,2005,2163
Dominican Republic,DOM,2006,2230
Dominican Republic,DOM,2010,2475
Dominican Republic,DOM,2016,2989
East Asia,,1990,985527
East Asia,,1995,1074665
East Asia,,2000,1125344
East Asia,,2005,1170488
East Asia,,2006,1140109
East Asia,,2010,1164942
East Asia,,2016,1181344
Eastern Europe,,1990,215913
Eastern Europe,,1995,256859
Eastern Europe,,2000,239587
Eastern Europe,,2005,240190
Eastern Europe,,2006,227891
Eastern Europe,,2010,211599
Eastern Europe,,2016,198331
Eastern Sub-Saharan Africa,,1990,106961
Eastern Sub-Saharan Africa,,1995,113065
Eastern Sub-Saharan Africa,,2000,115009
Eastern Sub-Saharan Africa,,2005,108452
Eastern Sub-Saharan Africa,,2006,108921
Eastern Sub-Saharan Africa,,2010,108530
Eastern Sub-Saharan Africa,,2016,121927
Ecuador,ECU,1990,2211
Ecuador,ECU,1995,2338
Ecuador,ECU,2000,2405
Ecuador,ECU,2005,2593
Ecuador,ECU,2006,2508
Ecuador,ECU,2010,2210
Ecuador,ECU,2016,2267
Egypt,EGY,1990,52108
Egypt,EGY,1995,48437
Egypt,EGY,2000,46952
Egypt,EGY,2005,52964
Egypt,EGY,2006,54619
Egypt,EGY,2010,61992
Egypt,EGY,2016,68895
El Salvador,SLV,1990,1832
El Salvador,SLV,1995,1897
El Salvador,SLV,2000,1863
El Salvador,SLV,2005,1845
El Salvador,SLV,2006,1827
El Salvador,SLV,2010,1763
El Salvador,SLV,2016,2018
England,,1990,34890
England,,1995,32172
England,,2000,27545
England,,2005,23272
England,,2006,22440
England,,2010,20484
England,,2016,21352
Equatorial Guinea,GNQ,1990,380
Equatorial Guinea,GNQ,1995,394
Equatorial Guinea,GNQ,2000,304
Equatorial Guinea,GNQ,2005,201
Equatorial Guinea,GNQ,2006,208
Equatorial Guinea,GNQ,2010,208
Equatorial Guinea,GNQ,2016,243
Eritrea,ERI,1990,1796
Eritrea,ERI,1995,1477
Eritrea,ERI,2000,1421
Eritrea,ERI,2005,1536
Eritrea,ERI,2006,1578
Eritrea,ERI,2010,1689
Eritrea,ERI,2016,1846
Estonia,EST,1990,1157
Estonia,EST,1995,1089
Estonia,EST,2000,831
Estonia,EST,2005,713
Estonia,EST,2006,703
Estonia,EST,2010,563
Estonia,EST,2016,394
Ethiopia,ETH,1990,34047
Ethiopia,ETH,1995,37086
Ethiopia,ETH,2000,37141
Ethiopia,ETH,2005,33953
Ethiopia,ETH,2006,34139
Ethiopia,ETH,2010,33785
Ethiopia,ETH,2016,37793
Fiji,FJI,1990,134
Fiji,FJI,1995,156
Fiji,FJI,2000,173
Fiji,FJI,2005,189
Fiji,FJI,2006,183
Fiji,FJI,2010,155
Fiji,FJI,2016,192
Finland,FIN,1990,2145
Finland,FIN,1995,1829
Finland,FIN,2000,1607
Finland,FIN,2005,1397
Finland,FIN,2006,1402
Finland,FIN,2010,1391
Finland,FIN,2016,1131
France,FRA,1990,20963
France,FRA,1995,19950
France,FRA,2000,18668
France,FRA,2005,17166
France,FRA,2006,16960
France,FRA,2010,16920
France,FRA,2016,17389
Gabon,GAB,1990,635
Gabon,GAB,1995,678
Gabon,GAB,2000,719
Gabon,GAB,2005,682
Gabon,GAB,2006,682
Gabon,GAB,2010,632
Gabon,GAB,2016,693
Gambia,GMB,1990,529
Gambia,GMB,1995,533
Gambia,GMB,2000,555
Gambia,GMB,2005,546
Gambia,GMB,2006,563
Gambia,GMB,2010,598
Gambia,GMB,2016,758
Georgia,GEO,1990,4662
Georgia,GEO,1995,3919
Georgia,GEO,2000,3863
Georgia,GEO,2005,4160
Georgia,GEO,2006,4069
Georgia,GEO,2010,4137
Georgia,GEO,2016,3622
Germany,DEU,1990,58048
Germany,DEU,1995,49321
Germany,DEU,2000,42708
Germany,DEU,2005,38368
Germany,DEU,2006,38041
Germany,DEU,2010,37877
Germany,DEU,2016,38873
Ghana,GHA,1990,6217
Ghana,GHA,1995,6754
Ghana,GHA,2000,7946
Ghana,GHA,2005,7999
Ghana,GHA,2006,8219
Ghana,GHA,2010,9067
Ghana,GHA,2016,11989
Greece,GRC,1990,5577
Greece,GRC,1995,5475
Greece,GRC,2000,5546
Greece,GRC,2005,5222
Greece,GRC,2006,5286
Greece,GRC,2010,5929
Greece,GRC,2016,6404
Greenland,GRL,1990,9
Greenland,GRL,1995,8
Greenland,GRL,2000,9
Greenland,GRL,2005,8
Greenland,GRL,2006,7
Greenland,GRL,2010,5
Greenland,GRL,2016,3
Grenada,GRD,1990,43
Grenada,GRD,1995,42
Grenada,GRD,2000,39
Grenada,GRD,2005,37
Grenada,GRD,2006,36
Grenada,GRD,2010,32
Grenada,GRD,2016,39
Guam,GUM,1990,19
Guam,GUM,1995,22
Guam,GUM,2000,29
Guam,GUM,2005,36
Guam,GUM,2006,37
Guam,GUM,2010,41
Guam,GUM,2016,58
Guatemala,GTM,1990,4237
Guatemala,GTM,1995,4609
Guatemala,GTM,2000,5035
Guatemala,GTM,2005,4820
Guatemala,GTM,2006,4601
Guatemala,GTM,2010,4011
Guatemala,GTM,2016,4176
Guinea,GIN,1990,4282
Guinea,GIN,1995,5120
Guinea,GIN,2000,5076
Guinea,GIN,2005,4566
Guinea,GIN,2006,4670
Guinea,GIN,2010,5203
Guinea,GIN,2016,6684
Guinea-Bissau,GNB,1990,863
Guinea-Bissau,GNB,1995,879
Guinea-Bissau,GNB,2000,923
Guinea-Bissau,GNB,2005,813
Guinea-Bissau,GNB,2006,835
Guinea-Bissau,GNB,2010,948
Guinea-Bissau,GNB,2016,1165
Guyana,GUY,1990,313
Guyana,GUY,1995,333
Guyana,GUY,2000,267
Guyana,GUY,2005,258
Guyana,GUY,2006,255
Guyana,GUY,2010,253
Guyana,GUY,2016,295
Haiti,HTI,1990,5506
Haiti,HTI,1995,5415
Haiti,HTI,2000,5158
Haiti,HTI,2005,5112
Haiti,HTI,2006,5016
Haiti,HTI,2010,4643
Haiti,HTI,2016,4990
High SDI,,1990,450462
High SDI,,1995,424864
High SDI,,2000,395857
High SDI,,2005,374530
High SDI,,2006,368246
High SDI,,2010,353902
High SDI,,2016,383158
High-income,,1990,410797
High-income,,1995,394693
High-income,,2000,376719
High-income,,2005,357327
High-income,,2006,349975
High-income,,2010,334508
High-income,,2016,366676
High-middle SDI,,1990,612007
High-middle SDI,,1995,684356
High-middle SDI,,2000,681289
High-middle SDI,,2005,683015
High-middle SDI,,2006,664285
High-middle SDI,,2010,654500
High-middle SDI,,2016,669523
Honduras,HND,1990,1666
Honduras,HND,1995,1837
Honduras,HND,2000,2054
Honduras,HND,2005,2332
Honduras,HND,2006,2324
Honduras,HND,2010,2318
Honduras,HND,2016,2556
Hungary,HUN,1990,13119
Hungary,HUN,1995,11606
Hungary,HUN,2000,9898
Hungary,HUN,2005,9277
Hungary,HUN,2006,9242
Hungary,HUN,2010,9176
Hungary,HUN,2016,9342
Iceland,ISL,1990,72
Iceland,ISL,1995,70
Iceland,ISL,2000,64
Iceland,ISL,2005,60
Iceland,ISL,2006,60
Iceland,ISL,2010,59
Iceland,ISL,2016,60
India,IND,1990,739934
India,IND,1995,782090
India,IND,2000,839299
India,IND,2005,881508
India,IND,2006,895689
India,IND,2010,958806
India,IND,2016,1124673
Indonesia,IDN,1990,53082
Indonesia,IDN,1995,56781
Indonesia,IDN,2000,63391
Indonesia,IDN,2005,71369
Indonesia,IDN,2006,71574
Indonesia,IDN,2010,71372
Indonesia,IDN,2016,80650
Iran,IRN,1990,19401
Iran,IRN,1995,19902
Iran,IRN,2000,22863
Iran,IRN,2005,25832
Iran,IRN,2006,26490
Iran,IRN,2010,28318
Iran,IRN,2016,29661
Iraq,IRQ,1990,10071
Iraq,IRQ,1995,11927
Iraq,IRQ,2000,13251
Iraq,IRQ,2005,14766
Iraq,IRQ,2006,15506
Iraq,IRQ,2010,18711
Iraq,IRQ,2016,18470
Ireland,IRL,1990,1809
Ireland,IRL,1995,1683
Ireland,IRL,2000,1495
Ireland,IRL,2005,1157
Ireland,IRL,2006,1126
Ireland,IRL,2010,1053
Ireland,IRL,2016,1115
Israel,ISR,1990,1989
Israel,ISR,1995,2031
Israel,ISR,2000,1777
Israel,ISR,2005,1692
Israel,ISR,2006,1702
Israel,ISR,2010,1710
Israel,ISR,2016,1962
Italy,ITA,1990,30455
Italy,ITA,1995,28434
Italy,ITA,2000,26206
Italy,ITA,2005,24255
Italy,ITA,2006,24295
Italy,ITA,2010,24797
Italy,ITA,2016,27330
Jamaica,JAM,1990,683
Jamaica,JAM,1995,736
Jamaica,JAM,2000,772
Jamaica,JAM,2005,736
Jamaica,JAM,2006,725
Jamaica,JAM,2010,680
Jamaica,JAM,2016,814
Japan,JPN,1990,37675
Japan,JPN,1995,38874
Japan,JPN,2000,38822
Japan,JPN,2005,42794
Japan,JPN,2006,42821
Japan,JPN,2010,43228
Japan,JPN,2016,47959
Jordan,JOR,1990,983
Jordan,JOR,1995,1111
Jordan,JOR,2000,1165
Jordan,JOR,2005,1305
Jordan,JOR,2006,1319
Jordan,JOR,2010,1416
Jordan,JOR,2016,1660
Kazakhstan,KAZ,1990,10079
Kazakhstan,KAZ,1995,11725
Kazakhstan,KAZ,2000,11048
Kazakhstan,KAZ,2005,11098
Kazakhstan,KAZ,2006,11190
Kazakhstan,KAZ,2010,9771
Kazakhstan,KAZ,2016,9586
Kenya,KEN,1990,5373
Kenya,KEN,1995,5903
Kenya,KEN,2000,6152
Kenya,KEN,2005,6063
Kenya,KEN,2006,6018
Kenya,KEN,2010,6177
Kenya,KEN,2016,6556
Kiribati,KIR,1990,7
Kiribati,KIR,1995,7
Kiribati,KIR,2000,7
Kiribati,KIR,2005,7
Kiribati,KIR,2006,5
Kiribati,KIR,2010,4
Kiribati,KIR,2016,8
Kuwait,KWT,1990,372
Kuwait,KWT,1995,362
Kuwait,KWT,2000,415
Kuwait,KWT,2005,510
Kuwait,KWT,2006,554
Kuwait,KWT,2010,690
Kuwait,KWT,2016,868
Kyrgyzstan,KGZ,1990,2783
Kyrgyzstan,KGZ,1995,2962
Kyrgyzstan,KGZ,2000,2666
Kyrgyzstan,KGZ,2005,2881
Kyrgyzstan,KGZ,2006,2973
Kyrgyzstan,KGZ,2010,2713
Kyrgyzstan,KGZ,2016,2592
Laos,LAO,1990,3469
Laos,LAO,1995,3753
Laos,LAO,2000,3655
Laos,LAO,2005,3701
Laos,LAO,2006,3615
Laos,LAO,2010,3437
Laos,LAO,2016,3271
Latin America and Caribbean,,1990,114264
Latin America and Caribbean,,1995,122050
Latin America and Caribbean,,2000,126782
Latin America and Caribbean,,2005,128133
Latin America and Caribbean,,2006,126107
Latin America and Caribbean,,2010,121895
Latin America and Caribbean,,2016,141529
Latvia,LVA,1990,3098
Latvia,LVA,1995,3127
Latvia,LVA,2000,2268
Latvia,LVA,2005,2267
Latvia,LVA,2006,2350
Latvia,LVA,2010,1956
Latvia,LVA,2016,1680
Lebanon,LBN,1990,1360
Lebanon,LBN,1995,1185
Lebanon,LBN,2000,1071
Lebanon,LBN,2005,1131
Lebanon,LBN,2006,1162
Lebanon,LBN,2010,1273
Lebanon,LBN,2016,1853
Lesotho,LSO,1990,681
Lesotho,LSO,1995,773
Lesotho,LSO,2000,1017
Lesotho,LSO,2005,1136
Lesotho,LSO,2006,1117
Lesotho,LSO,2010,1040
Lesotho,LSO,2016,1067
Liberia,LBR,1990,554
Liberia,LBR,1995,509
Liberia,LBR,2000,602
Liberia,LBR,2005,516
Liberia,LBR,2006,525
Liberia,LBR,2010,601
Liberia,LBR,2016,984
Libya,LBY,1990,1215
Libya,LBY,1995,1344
Libya,LBY,2000,1586
Libya,LBY,2005,1761
Libya,LBY,2006,1812
Libya,LBY,2010,2041
Libya,LBY,2016,2462
Lithuania,LTU,1990,3588
Lithuania,LTU,1995,3633
Lithuania,LTU,2000,2706
Lithuania,LTU,2005,2956
Lithuania,LTU,2006,3034
Lithuania,LTU,2010,2833
Lithuania,LTU,2016,2522
Low SDI,,1990,267740
Low SDI,,1995,290250
Low SDI,,2000,309513
Low SDI,,2005,307856
Low SDI,,2006,310461
Low SDI,,2010,315511
Low SDI,,2016,372055
Low-middle SDI,,1990,989789
Low-middle SDI,,1995,1055556
Low-middle SDI,,2000,1119781
Low-middle SDI,,2005,1172036
Low-middle SDI,,2006,1182890
Low-middle SDI,,2010,1237345
Low-middle SDI,,2016,1420818
Luxembourg,LUX,1990,251
Luxembourg,LUX,1995,219
Luxembourg,LUX,2000,193
Luxembourg,LUX,2005,176
Luxembourg,LUX,2006,172
Luxembourg,LUX,2010,169
Luxembourg,LUX,2016,185
Macedonia,MKD,1990,1577
Macedonia,MKD,1995,1490
Macedonia,MKD,2000,1551
Macedonia,MKD,2005,1540
Macedonia,MKD,2006,1570
Macedonia,MKD,2010,1683
Macedonia,MKD,2016,1641
Madagascar,MDG,1990,5323
Madagascar,MDG,1995,6088
Madagascar,MDG,2000,6353
Madagascar,MDG,2005,6361
Madagascar,MDG,2006,6351
Madagascar,MDG,2010,6825
Madagascar,MDG,2016,8540
Malawi,MWI,1990,5127
Malawi,MWI,1995,5549
Malawi,MWI,2000,6210
Malawi,MWI,2005,5390
Malawi,MWI,2006,5233
Malawi,MWI,2010,5143
Malawi,MWI,2016,5197
Malaysia,MYS,1990,4697
Malaysia,MYS,1995,5673
Malaysia,MYS,2000,6511
Malaysia,MYS,2005,8431
Malaysia,MYS,2006,8441
Malaysia,MYS,2010,8507
Malaysia,MYS,2016,10624
Maldives,MDV,1990,95
Maldives,MDV,1995,92
Maldives,MDV,2000,87
Maldives,MDV,2005,84
Maldives,MDV,2006,82
Maldives,MDV,2010,81
Maldives,MDV,2016,90
Mali,MLI,1990,6154
Mali,MLI,1995,6119
Mali,MLI,2000,5918
Mali,MLI,2005,5270
Mali,MLI,2006,5293
Mali,MLI,2010,5569
Mali,MLI,2016,6455
Malta,MLT,1990,175
Malta,MLT,1995,164
Malta,MLT,2000,177
Malta,MLT,2005,157
Malta,MLT,2006,161
Malta,MLT,2010,171
Malta,MLT,2016,160
Marshall Islands,MHL,1990,8
Marshall Islands,MHL,1995,9
Marshall Islands,MHL,2000,10
Marshall Islands,MHL,2005,13
Marshall Islands,MHL,2006,13
Marshall Islands,MHL,2010,12
Marshall Islands,MHL,2016,15
Mauritania,MRT,1990,1225
Mauritania,MRT,1995,1326
Mauritania,MRT,2000,1448
Mauritania,MRT,2005,1370
Mauritania,MRT,2006,1375
Mauritania,MRT,2010,1437
Mauritania,MRT,2016,1768
Mauritius,MUS,1990,482
Mauritius,MUS,1995,527
Mauritius,MUS,2000,572
Mauritius,MUS,2005,504
Mauritius,MUS,2006,471
Mauritius,MUS,2010,384
Mauritius,MUS,2016,422
Mexico,MEX,1990,18735
Mexico,MEX,1995,20873
Mexico,MEX,2000,21543
Mexico,MEX,2005,22580
Mexico,MEX,2006,22124
Mexico,MEX,2010,23192
Mexico,MEX,2016,26031
Micronesia (country),FSM,1990,22
Micronesia (country),FSM,1995,24
Micronesia (country),FSM,2000,24
Micronesia (country),FSM,2005,25
Micronesia (country),FSM,2006,24
Micronesia (country),FSM,2010,20
Micronesia (country),FSM,2016,25
Middle SDI,,1990,1151650
Middle SDI,,1995,1231861
Middle SDI,,2000,1302129
Middle SDI,,2005,1367237
Middle SDI,,2006,1348927
Middle SDI,,2010,1391646
Middle SDI,,2016,1480777
Moldova,MDA,1990,4417
Moldova,MDA,1995,4919
Moldova,MDA,2000,3862
Moldova,MDA,2005,3708
Moldova,MDA,2006,3669
Moldova,MDA,2010,3694
Moldova,MDA,2016,3233
Mongolia,MNG,1990,1211
Mongolia,MNG,1995,1117
Mongolia,MNG,2000,1161
Mongolia,MNG,2005,1215
Mongolia,MNG,2006,1209
Mongolia,MNG,2010,1235
Mongolia,MNG,2016,1543
Montenegro,MNE,1990,337
Montenegro,MNE,1995,376
Montenegro,MNE,2000,402
Montenegro,MNE,2005,390
Montenegro,MNE,2006,392
Montenegro,MNE,2010,405
Montenegro,MNE,2016,424
Morocco,MAR,1990,8185
Morocco,MAR,1995,8665
Morocco,MAR,2000,9067
Morocco,MAR,2005,9863
Morocco,MAR,2006,9930
Morocco,MAR,2010,10266
Morocco,MAR,2016,12676
Mozambique,MOZ,1990,6271
Mozambique,MOZ,1995,6795
Mozambique,MOZ,2000,6821
Mozambique,MOZ,2005,6533
Mozambique,MOZ,2006,6534
Mozambique,MOZ,2010,6340
Mozambique,MOZ,2016,6759
Myanmar,MMR,1990,27119
Myanmar,MMR,1995,28889
Myanmar,MMR,2000,30604
Myanmar,MMR,2005,31079
Myanmar,MMR,2006,30238
Myanmar,MMR,2010,27827
Myanmar,MMR,2016,27527
Namibia,NAM,1990,608
Namibia,NAM,1995,658
Namibia,NAM,2000,834
Namibia,NAM,2005,780
Namibia,NAM,2006,751
Namibia,NAM,2010,649
Namibia,NAM,2016,686
Nepal,NPL,1990,16345
Nepal,NPL,1995,16352
Nepal,NPL,2000,16930
Nepal,NPL,2005,18432
Nepal,NPL,2006,18561
Nepal,NPL,2010,19386
Nepal,NPL,2016,22256
Netherlands,NLD,1990,8087
Netherlands,NLD,1995,8050
Netherlands,NLD,2000,7853
Netherlands,NLD,2005,6939
Netherlands,NLD,2006,6736
Netherlands,NLD,2010,6454
Netherlands,NLD,2016,6726
New Zealand,NZL,1990,785
New Zealand,NZL,1995,762
New Zealand,NZL,2000,682
New Zealand,NZL,2005,620
New Zealand,NZL,2006,598
New Zealand,NZL,2010,490
New Zealand,NZL,2016,554
Nicaragua,NIC,1990,796
Nicaragua,NIC,1995,866
Nicaragua,NIC,2000,891
Nicaragua,NIC,2005,962
Nicaragua,NIC,2006,945
Nicaragua,NIC,2010,908
Nicaragua,NIC,2016,1025
Niger,NER,1990,12592
Niger,NER,1995,12954
Niger,NER,2000,12646
Niger,NER,2005,11844
Niger,NER,2006,12082
Niger,NER,2010,11311
Niger,NER,2016,14460
Nigeria,NGA,1990,66387
Nigeria,NGA,1995,69075
Nigeria,NGA,2000,69206
Nigeria,NGA,2005,58218
Nigeria,NGA,2006,57559
Nigeria,NGA,2010,54430
Nigeria,NGA,2016,69511
North Africa and Middle East,,1990,177353
North Africa and Middle East,,1995,188996
North Africa and Middle East,,2000,196550
North Africa and Middle East,,2005,206908
North Africa and Middle East,,2006,211121
North Africa and Middle East,,2010,230197
North Africa and Middle East,,2016,267325
North America,,1990,118995
North America,,1995,120906
North America,,2000,121358
North America,,2005,115535
North America,,2006,110886
North America,,2010,98227
North America,,2016,113263
North Korea,PRK,1990,9796
North Korea,PRK,1995,12215
North Korea,PRK,2000,15675
North Korea,PRK,2005,18931
North Korea,PRK,2006,19380
North Korea,PRK,2010,21491
North Korea,PRK,2016,25951
Northern Ireland,,1990,946
Northern Ireland,,1995,859
Northern Ireland,,2000,748
Northern Ireland,,2005,624
Northern Ireland,,2006,611
Northern Ireland,,2010,560
Northern Ireland,,2016,622
Northern Mariana Islands,MNP,1990,5
Northern Mariana Islands,MNP,1995,6
Northern Mariana Islands,MNP,2000,6
Northern Mariana Islands,MNP,2005,7
Northern Mariana Islands,MNP,2006,7
Northern Mariana Islands,MNP,2010,8
Northern Mariana Islands,MNP,2016,12
Norway,NOR,1990,2158
Norway,NOR,1995,1960
Norway,NOR,2000,1752
Norway,NOR,2005,1404
Norway,NOR,2006,1387
Norway,NOR,2010,1342
Norway,NOR,2016,1150
Oceania,,1990,2359
Oceania,,1995,2596
Oceania,,2000,2818
Oceania,,2005,3063
Oceania,,2006,3073
Oceania,,2010,3019
Oceania,,2016,3868
Oman,OMN,1990,691
Oman,OMN,1995,684
Oman,OMN,2000,640
Oman,OMN,2005,641
Oman,OMN,2006,650
Oman,OMN,2010,742
Oman,OMN,2016,1208
Pakistan,PAK,1990,77280
Pakistan,PAK,1995,93437
Pakistan,PAK,2000,104850
Pakistan,PAK,2005,109711
Pakistan,PAK,2006,110426
Pakistan,PAK,2010,115062
Pakistan,PAK,2016,129454
Palestine,PSE,1990,500
Palestine,PSE,1995,562
Palestine,PSE,2000,714
Palestine,PSE,2005,797
Palestine,PSE,2006,818
Palestine,PSE,2010,970
Palestine,PSE,2016,1324
Panama,PAN,1990,452
Panama,PAN,1995,491
Panama,PAN,2000,487
Panama,PAN,2005,521
Panama,PAN,2006,512
Panama,PAN,2010,490
Panama,PAN,2016,662
Papua New Guinea,PNG,1990,2039
Papua New Guinea,PNG,1995,2230
Papua New Guinea,PNG,2000,2409
Papua New Guinea,PNG,2005,2584
Papua New Guinea,PNG,2006,2612
Papua New Guinea,PNG,2010,2617
Papua New Guinea,PNG,2016,3313
Paraguay,PRY,1990,951
Paraguay,PRY,1995,1140
Paraguay,PRY,2000,1235
Paraguay,PRY,2005,1426
Paraguay,PRY,2006,1433
Paraguay,PRY,2010,1466
Paraguay,PRY,2016,1941
Peru,PER,1990,7839
Peru,PER,1995,7933
Peru,PER,2000,7235
Peru,PER,2005,7992
Peru,PER,2006,7711
Peru,PER,2010,7485
Peru,PER,2016,7608
Philippines,PHL,1990,24483
Philippines,PHL,1995,25700
Philippines,PHL,2000,29404
Philippines,PHL,2005,36396
Philippines,PHL,2006,36996
Philippines,PHL,2010,40473
Philippines,PHL,2016,44676
Poland,POL,1990,41395
Poland,POL,1995,35462
Poland,POL,2000,29088
Poland,POL,2005,27293
Poland,POL,2006,27738
Poland,POL,2010,28446
Poland,POL,2016,26914
Portugal,PRT,1990,4599
Portugal,PRT,1995,4600
Portugal,PRT,2000,4495
Portugal,PRT,2005,4315
Portugal,PRT,2006,4176
Portugal,PRT,2010,3854
Portugal,PRT,2016,3841
Puerto Rico,PRI,1990,1326
Puerto Rico,PRI,1995,1441
Puerto Rico,PRI,2000,1544
Puerto Rico,PRI,2005,1349
Puerto Rico,PRI,2006,1305
Puerto Rico,PRI,2010,1220
Puerto Rico,PRI,2016,1375
Qatar,QAT,1990,112
Qatar,QAT,1995,135
Qatar,QAT,2000,157
Qatar,QAT,2005,170
Qatar,QAT,2006,173
Qatar,QAT,2010,222
Qatar,QAT,2016,296
Romania,ROU,1990,25358
Romania,ROU,1995,24518
Romania,ROU,2000,21207
Romania,ROU,2005,18619
Romania,ROU,2006,18399
Romania,ROU,2010,18968
Romania,ROU,2016,17329
Russia,RUS,1990,127426
Russia,RUS,1995,157299
Russia,RUS,2000,152109
Russia,RUS,2005,153845
Russia,RUS,2006,143973
Russia,RUS,2010,134612
Russia,RUS,2016,126497
Rwanda,RWA,1990,5623
Rwanda,RWA,1995,5011
Rwanda,RWA,2000,5760
Rwanda,RWA,2005,4579
Rwanda,RWA,2006,4389
Rwanda,RWA,2010,3625
Rwanda,RWA,2016,3811
Saint Lucia,LCA,1990,43
Saint Lucia,LCA,1995,41
Saint Lucia,LCA,2000,37
Saint Lucia,LCA,2005,38
Saint Lucia,LCA,2006,38
Saint Lucia,LCA,2010,36
Saint Lucia,LCA,2016,44
Saint Vincent and the Grenadines,VCT,1990,34
Saint Vincent and the Grenadines,VCT,1995,36
Saint Vincent and the Grenadines,VCT,2000,35
Saint Vincent and the Grenadines,VCT,2005,33
Saint Vincent and the Grenadines,VCT,2006,32
Saint Vincent and the Grenadines,VCT,2010,30
Saint Vincent and the Grenadines,VCT,2016,38
Samoa,WSM,1990,10
Samoa,WSM,1995,11
Samoa,WSM,2000,11
Samoa,WSM,2005,12
Samoa,WSM,2006,10
Samoa,WSM,2010,6
Samoa,WSM,2016,10
Sao Tome and Principe,STP,1990,45
Sao Tome and Principe,STP,1995,46
Sao Tome and Principe,STP,2000,49
Sao Tome and Principe,STP,2005,47
Sao Tome and Principe,STP,2006,45
Sao Tome and Principe,STP,2010,40
Sao Tome and Principe,STP,2016,43
Saudi Arabia,SAU,1990,4871
Saudi Arabia,SAU,1995,5888
Saudi Arabia,SAU,2000,7447
Saudi Arabia,SAU,2005,8111
Saudi Arabia,SAU,2006,8359
Saudi Arabia,SAU,2010,9348
Saudi Arabia,SAU,2016,11323
Scotland,,1990,4008
Scotland,,1995,3477
Scotland,,2000,2912
Scotland,,2005,2508
Scotland,,2006,2424
Scotland,,2010,2194
Scotland,,2016,2276
Senegal,SEN,1990,3755
Senegal,SEN,1995,4015
Senegal,SEN,2000,4413
Senegal,SEN,2005,4242
Senegal,SEN,2006,4365
Senegal,SEN,2010,4633
Senegal,SEN,2016,6252
Serbia,SRB,1990,6393
Serbia,SRB,1995,7183
Serbia,SRB,2000,7688
Serbia,SRB,2005,6966
Serbia,SRB,2006,6922
Serbia,SRB,2010,6971
Serbia,SRB,2016,6178
Seychelles,SYC,1990,30
Seychelles,SYC,1995,32
Seychelles,SYC,2000,32
Seychelles,SYC,2005,32
Seychelles,SYC,2006,31
Seychelles,SYC,2010,28
Seychelles,SYC,2016,30
Sierra Leone,SLE,1990,2503
Sierra Leone,SLE,1995,2129
Sierra Leone,SLE,2000,2008
Sierra Leone,SLE,2005,2030
Sierra Leone,SLE,2006,2098
Sierra Leone,SLE,2010,2318
Sierra Leone,SLE,2016,3084
Singapore,SGP,1990,1068
Singapore,SGP,1995,1068
Singapore,SGP,2000,1034
Singapore,SGP,2005,1321
Singapore,SGP,2006,1306
Singapore,SGP,2010,1067
Singapore,SGP,2016,1399
Slovakia,SVK,1990,5576
Slovakia,SVK,1995,4600
Slovakia,SVK,2000,4135
Slovakia,SVK,2005,3987
Slovakia,SVK,2006,3981
Slovakia,SVK,2010,3812
Slovakia,SVK,2016,3674
Slovenia,SVN,1990,1280
Slovenia,SVN,1995,1177
Slovenia,SVN,2000,1034
Slovenia,SVN,2005,941
Slovenia,SVN,2006,918
Slovenia,SVN,2010,869
Slovenia,SVN,2016,950
Solomon Islands,SLB,1990,59
Solomon Islands,SLB,1995,65
Solomon Islands,SLB,2000,75
Solomon Islands,SLB,2005,106
Solomon Islands,SLB,2006,102
Solomon Islands,SLB,2010,88
Solomon Islands,SLB,2016,144
Somalia,SOM,1990,3507
Somalia,SOM,1995,3298
Somalia,SOM,2000,3420
Somalia,SOM,2005,3209
Somalia,SOM,2006,3235
Somalia,SOM,2010,3402
Somalia,SOM,2016,4034
South Africa,ZAF,1990,15269
South Africa,ZAF,1995,16777
South Africa,ZAF,2000,24282
South Africa,ZAF,2005,25274
South Africa,ZAF,2006,25206
South Africa,ZAF,2010,22109
South Africa,ZAF,2016,21575
South Asia,,1990,916845
South Asia,,1995,973556
South Asia,,2000,1043666
South Asia,,2005,1104701
South Asia,,2006,1121405
South Asia,,2010,1193879
South Asia,,2016,1392260
South Korea,KOR,1990,14716
South Korea,KOR,1995,13365
South Korea,KOR,2000,13311
South Korea,KOR,2005,13067
South Korea,KOR,2006,12941
South Korea,KOR,2010,13298
South Korea,KOR,2016,17616
South Sudan,SSD,1990,4735
South Sudan,SSD,1995,4022
South Sudan,SSD,2000,4187
South Sudan,SSD,2005,4154
South Sudan,SSD,2006,4392
South Sudan,SSD,2010,5126
South Sudan,SSD,2016,7016
Southeast Asia,,1990,169225
Southeast Asia,,1995,182853
Southeast Asia,,2000,202146
Southeast Asia,,2005,227187
Southeast Asia,,2006,227133
Southeast Asia,,2010,227210
Southeast Asia,,2016,249469
Southern Sub-Saharan Africa,,1990,20039
Southern Sub-Saharan Africa,,1995,21939
Southern Sub-Saharan Africa,,2000,31646
Southern Sub-Saharan Africa,,2005,33269
Southern Sub-Saharan Africa,,2006,33018
Southern Sub-Saharan Africa,,2010,29487
Southern Sub-Saharan Africa,,2016,29063
Spain,ESP,1990,14236
Spain,ESP,1995,14365
Spain,ESP,2000,14813
Spain,ESP,2005,14717
Spain,ESP,2006,14324
Spain,ESP,2010,13430
Spain,ESP,2016,14168
Sri Lanka,LKA,1990,5889
Sri Lanka,LKA,1995,6369
Sri Lanka,LKA,2000,7322
Sri Lanka,LKA,2005,7526
Sri Lanka,LKA,2006,7557
Sri Lanka,LKA,2010,7368
Sri Lanka,LKA,2016,7550
Sub-Saharan Africa,,1990,299130
Sub-Saharan Africa,,1995,319683
Sub-Saharan Africa,,2000,340145
Sub-Saharan Africa,,2005,320122
Sub-Saharan Africa,,2006,321055
Sub-Saharan Africa,,2010,318168
Sub-Saharan Africa,,2016,379830
Sudan,SDN,1990,12826
Sudan,SDN,1995,14957
Sudan,SDN,2000,15521
Sudan,SDN,2005,15849
Sudan,SDN,2006,16047
Sudan,SDN,2010,16428
Sudan,SDN,2016,19219
Suriname,SUR,1990,139
Suriname,SUR,1995,150
Suriname,SUR,2000,170
Suriname,SUR,2005,149
Suriname,SUR,2006,147
Suriname,SUR,2010,143
Suriname,SUR,2016,191
Swaziland,SWZ,1990,280
Swaziland,SWZ,1995,296
Swaziland,SWZ,2000,445
Swaziland,SWZ,2005,548
Swaziland,SWZ,2006,529
Swaziland,SWZ,2010,469
Swaziland,SWZ,2016,436
Sweden,SWE,1990,3041
Sweden,SWE,1995,2582
Sweden,SWE,2000,2273
Sweden,SWE,2005,1761
Sweden,SWE,2006,1729
Sweden,SWE,2010,1619
Sweden,SWE,2016,1472
Switzerland,CHE,1990,3085
Switzerland,CHE,1995,2887
Switzerland,CHE,2000,2544
Switzerland,CHE,2005,2280
Switzerland,CHE,2006,2255
Switzerland,CHE,2010,2198
Switzerland,CHE,2016,2191
Syria,SYR,1990,4512
Syria,SYR,1995,4921
Syria,SYR,2000,5494
Syria,SYR,2005,5692
Syria,SYR,2006,5868
Syria,SYR,2010,6807
Syria,SYR,2016,6906
Taiwan,TWN,1990,6074
Taiwan,TWN,1995,6788
Taiwan,TWN,2000,7259
Taiwan,TWN,2005,8243
Taiwan,TWN,2006,8335
Taiwan,TWN,2010,9224
Taiwan,TWN,2016,10647
Tajikistan,TJK,1990,6097
Tajikistan,TJK,1995,5643
Tajikistan,TJK,2000,5027
Tajikistan,TJK,2005,4282
Tajikistan,TJK,2006,4183
Tajikistan,TJK,2010,4309
Tajikistan,TJK,2016,4746
Tanzania,TZA,1990,12643
Tanzania,TZA,1995,13854
Tanzania,TZA,2000,13673
Tanzania,TZA,2005,13225
Tanzania,TZA,2006,13495
Tanzania,TZA,2010,13645
Tanzania,TZA,2016,14443
Thailand,THA,1990,15842
Thailand,THA,1995,18115
Thailand,THA,2000,20319
Thailand,THA,2005,22998
Thailand,THA,2006,23223
Thailand,THA,2010,22973
Thailand,THA,2016,26696
Timor,TLS,1990,276
Timor,TLS,1995,260
Timor,TLS,2000,213
Timor,TLS,2005,223
Timor,TLS,2006,225
Timor,TLS,2010,255
Timor,TLS,2016,257
Togo,TGO,1990,2386
Togo,TGO,1995,2559
Togo,TGO,2000,2700
Togo,TGO,2005,2501
Togo,TGO,2006,2480
Togo,TGO,2010,2564
Togo,TGO,2016,3679
Tonga,TON,1990,8
Tonga,TON,1995,9
Tonga,TON,2000,9
Tonga,TON,2005,9
Tonga,TON,2006,8
Tonga,TON,2010,5
Tonga,TON,2016,5
Trinidad and Tobago,TTO,1990,474
Trinidad and Tobago,TTO,1995,502
Trinidad and Tobago,TTO,2000,502
Trinidad and Tobago,TTO,2005,402
Trinidad and Tobago,TTO,2006,389
Trinidad and Tobago,TTO,2010,359
Trinidad and Tobago,TTO,2016,474
Tunisia,TUN,1990,3321
Tunisia,TUN,1995,3757
Tunisia,TUN,2000,3802
Tunisia,TUN,2005,3725
Tunisia,TUN,2006,3847
Tunisia,TUN,2010,4421
Tunisia,TUN,2016,5077
Turkey,TUR,1990,26769
Turkey,TUR,1995,27988
Turkey,TUR,2000,25897
Turkey,TUR,2005,21985
Turkey,TUR,2006,21766
Turkey,TUR,2010,23734
Turkey,TUR,2016,28785
Turkmenistan,TKM,1990,3456
Turkmenistan,TKM,1995,3745
Turkmenistan,TKM,2000,3658
Turkmenistan,TKM,2005,2767
Turkmenistan,TKM,2006,2802
Turkmenistan,TKM,2010,2944
Turkmenistan,TKM,2016,3206
Uganda,UGA,1990,12152
Uganda,UGA,1995,12953
Uganda,UGA,2000,12734
Uganda,UGA,2005,12692
Uganda,UGA,2006,12877
Uganda,UGA,2010,12654
Uganda,UGA,2016,14699
Ukraine,UKR,1990,65027
Ukraine,UKR,1995,74540
Ukraine,UKR,2000,65892
Ukraine,UKR,2005,64905
Ukraine,UKR,2006,62629
Ukraine,UKR,2010,56536
Ukraine,UKR,2016,54348
United Arab Emirates,ARE,1990,497
United Arab Emirates,ARE,1995,643
United Arab Emirates,ARE,2000,757
United Arab Emirates,ARE,2005,927
United Arab Emirates,ARE,2006,1030
United Arab Emirates,ARE,2010,1835
United Arab Emirates,ARE,2016,3224
United Kingdom,GBR,1990,41972
United Kingdom,GBR,1995,38469
United Kingdom,GBR,2000,32892
United Kingdom,GBR,2005,27817
United Kingdom,GBR,2006,26841
United Kingdom,GBR,2010,24519
United Kingdom,GBR,2016,25572
United States,USA,1990,111688
United States,USA,1995,113374
United States,USA,2000,113950
United States,USA,2005,108060
United States,USA,2006,103600
United States,USA,2010,91491
United States,USA,2016,105616
United States Virgin Islands,VIR,1990,31
United States Virgin Islands,VIR,1995,36
United States Virgin Islands,VIR,2000,44
United States Virgin Islands,VIR,2005,46
United States Virgin Islands,VIR,2006,46
United States Virgin Islands,VIR,2010,49
United States Virgin Islands,VIR,2016,62
Uruguay,URY,1990,1457
Uruguay,URY,1995,1475
Uruguay,URY,2000,1397
Uruguay,URY,2005,1280
Uruguay,URY,2006,1260
Uruguay,URY,2010,1228
Uruguay,URY,2016,1200
Uzbekistan,UZB,1990,15407
Uzbekistan,UZB,1995,17951
Uzbekistan,UZB,2000,18668
Uzbekistan,UZB,2005,18875
Uzbekistan,UZB,2006,18743
Uzbekistan,UZB,2010,18529
Uzbekistan,UZB,2016,20480
Vanuatu,VUT,1990,46
Vanuatu,VUT,1995,54
Vanuatu,VUT,2000,60
Vanuatu,VUT,2005,72
Vanuatu,VUT,2006,70
Vanuatu,VUT,2010,62
Vanuatu,VUT,2016,83
Venezuela,VEN,1990,5292
Venezuela,VEN,1995,5553
Venezuela,VEN,2000,6093
Venezuela,VEN,2005,6333
Venezuela,VEN,2006,6533
Venezuela,VEN,2010,6694
Venezuela,VEN,2016,8701
Vietnam,VNM,1990,28811
Vietnam,VNM,1995,30971
Vietnam,VNM,2000,34100
Vietnam,VNM,2005,38527
Vietnam,VNM,2006,38574
Vietnam,VNM,2010,38872
Vietnam,VNM,2016,41675
Wales,,1990,2127
Wales,,1995,1961
Wales,,2000,1686
Wales,,2005,1413
Wales,,2006,1366
Wales,,2010,1282
Wales,,2016,1321
Western Europe,,1990,213932
Western Europe,,1995,196146
Western Europe,,2000,177844
Western Europe,,2005,160318
Western Europe,,2006,157878
Western Europe,,2010,154433
Western Europe,,2016,160741
Western Sub-Saharan Africa,,1990,140175
Western Sub-Saharan Africa,,1995,148424
Western Sub-Saharan Africa,,2000,153465
Western Sub-Saharan Africa,,2005,138294
Western Sub-Saharan Africa,,2006,138762
Western Sub-Saharan Africa,,2010,139100
Western Sub-Saharan Africa,,2016,180996
World,OWID_WRL,1990,3471647
World,OWID_WRL,1995,3686887
World,OWID_WRL,2000,3808569
World,OWID_WRL,2005,3904674
World,OWID_WRL,2006,3874809
World,OWID_WRL,2010,3952905
World,OWID_WRL,2016,4326330
Yemen,YEM,1990,8302
Yemen,YEM,1995,10399
Yemen,YEM,2000,10420
Yemen,YEM,2005,9316
Yemen,YEM,2006,9359
Yemen,YEM,2010,9987
Yemen,YEM,2016,12708
Zambia,ZMB,1990,5341
Zambia,ZMB,1995,5938
Zambia,ZMB,2000,6408
Zambia,ZMB,2005,6307
Zambia,ZMB,2006,6285
Zambia,ZMB,2010,5731
Zambia,ZMB,2016,5848
Zimbabwe,ZWE,1990,2860
Zimbabwe,ZWE,1995,3015
Zimbabwe,ZWE,2000,4460
Zimbabwe,ZWE,2005,4923
Zimbabwe,ZWE,2006,4829
Zimbabwe,ZWE,2010,4696
Zimbabwe,ZWE,2016,4672